,company,job_link,job_location,job_posted,job_title
0,Data Scientist - UberPOOL (LatAm-Focused),http://www.indeed.com/rc/clk?jk=b0f406f28505d810&fccid=f766f8bfbc3effb7,"San Francisco, CA 94103 (South Of Market area)",Just posted,Data Scientist - UberPOOL (LatAm-Focused)
1,Business Analyst / Junior Data Scientist,http://www.indeed.com/rc/clk?jk=f1f3dadbfead4c80&fccid=e6ddc00f567a189e,"Walnut Creek, CA",Just posted,Business Analyst / Junior Data Scientist
2,Field Applications Scientist 1,http://www.indeed.com/rc/clk?jk=1d4c218aeb453b0c&fccid=8524239b088a6649,"San Francisco, CA 94158 (South Of Market area)",Just posted,Field Applications Scientist 1
3,Software Engineer,http://www.indeed.com/rc/clk?jk=cf0a3ebd48698718&fccid=fbfb820a5b7b2c4a,"Redwood City, CA",Just posted,Software Engineer
4,Frontend/Data Visualization Developer,http://www.indeed.com/rc/clk?jk=634ba48f3a86ade8&fccid=4a2d2fbadf14d480,"San Francisco, CA",Just posted,Frontend/Data Visualization Developer
5,QC Environmental Monitoring Analyst,http://www.indeed.com/rc/clk?jk=e58ab0484972487b&fccid=eaafcd2f92ab25da,"Novato, CA",Just posted,QC Environmental Monitoring Analyst
6,Data Scientist,http://www.indeed.com/rc/clk?jk=78540a2dc40e5ca4&fccid=2cd10564780b27e2,"San Francisco, CA",Just posted,Data Scientist
7,Data Scientist,http://www.indeed.com/rc/clk?jk=2e9b79b377fcf7fa&fccid=883687ce8b233acf,"San Francisco, CA",Just posted,Data Scientist
8,Data Engineer,http://www.indeed.com/rc/clk?jk=f83bb1c5d0240b2a&fccid=883687ce8b233acf,"San Francisco, CA",Just posted,Data Engineer
9,Visual Interaction Designer,http://www.indeed.com/rc/clk?jk=5e77cadb31a9a946&fccid=883687ce8b233acf,"San Francisco, CA",Just posted,Visual Interaction Designer
10,Bioinformatics Scientist - PCR Primer Design,http://www.indeed.com/rc/clk?jk=f5cd677347288408&fccid=126e3afd205caa95,"San Francisco, CA",Today,Bioinformatics Scientist - PCR Primer Design
11,Safety Scientist (MD),http://www.indeed.com/rc/clk?jk=71ee17897abc3fb1&fccid=2525cc4a9a704809,"South San Francisco, CA",Today,Safety Scientist (MD)
12,Clinical Social Worker / Client Care Navigation,http://www.indeed.com/rc/clk?jk=270eef4580c58e36&fccid=fe7f1e13ed267208,"Burlingame, CA 94010",Today,Clinical Social Worker / Client Care Navigation
13,Client Support Specialist,http://www.indeed.com/rc/clk?jk=f0029d4718759a19&fccid=fe7f1e13ed267208,"Burlingame, CA 94010",Today,Client Support Specialist
14,Staff Software Engineer,http://www.indeed.com/rc/clk?jk=d4b3abbd1a4f7929&fccid=643a553ccd7fba02,"San Ramon, CA",Today,Staff Software Engineer
15,Office Manager,http://www.indeed.com/rc/clk?jk=f3243f89127f88b9&fccid=c2f6dee33c08c366,"Redwood City, CA",Today,Office Manager
16,"Scientist, Virologist and cancer models",http://www.indeed.com/rc/clk?jk=063d144ed2996c08&fccid=eb4514e3ce0dc867,"Alameda, CA 94501",Today,"Scientist, Virologist and cancer models"
17,Clinical Laboratory Scientist Extern (Temporary),http://www.indeed.com/rc/clk?jk=abeb8738e2e2e6f9&fccid=48ecd526e3aa3225,"South San Francisco, CA",Today,Clinical Laboratory Scientist Extern (Temporary)
18,Data Scientist,http://www.indeed.com/rc/clk?jk=38b145fb1ca779c1&fccid=c2f2e84f7e0cab11,"San Francisco, CA",Today,Data Scientist
19,Senior Data Analyst,http://www.indeed.com/rc/clk?jk=8f7cc42560852f25&fccid=a6920e0a635e5c4e,"San Francisco, CA",Today,Senior Data Analyst
20,Data Scientist (Personalization),http://www.indeed.com/rc/clk?jk=39925bccaeea3342&fccid=a6920e0a635e5c4e,"San Francisco, CA",Today,Data Scientist (Personalization)
21,Software Engineer - Artemis / Apollo,http://www.indeed.com/rc/clk?jk=5ff19e67aca973d9&fccid=f766f8bfbc3effb7,"San Francisco, CA 94105 (Financial District area)",Today,Software Engineer - Artemis / Apollo
22,"Research Scientist I, Medicinal Chemistry",http://www.indeed.com/rc/clk?jk=59a7ed49adbc58b6&fccid=e4b075354d7c2865,"Foster City, CA",Today,"Research Scientist I, Medicinal Chemistry"
23,"Senior Scientific Researcher Applied Proteomics Group, Prote...",http://www.indeed.com/rc/clk?jk=a91af47351e7fc61&fccid=ce783271e420d14a,"South San Francisco, CA 94080",Today,"Senior Scientific Researcher Applied Proteomics Group, Protein Sciences (Genentech Research and Earl"
24,Software Engineer: Java Backend,http://www.indeed.com/rc/clk?jk=31dcd0bb4d10cf68&fccid=c2aed722996a4145,"Emeryville, CA 94608",Today,Software Engineer: Java Backend
25,Bioanalytical Data Manager,http://www.indeed.com/rc/clk?jk=01496d7da39c6c1f&fccid=2525cc4a9a704809,"South San Francisco, CA",1 day ago,Bioanalytical Data Manager
26,"Research Data Analyst, ESPM",http://www.indeed.com/rc/clk?jk=2a70d47b600b8fdf&fccid=db52f1353185d77b,"Berkeley, CA",1 day ago,"Research Data Analyst, ESPM"
27,Lead Statistician/SAS Programmer,http://www.indeed.com/rc/clk?jk=c1a120d027a9cdfe&fccid=2a341562d64c7cdb,"San Francisco, CA",1 day ago,Lead Statistician/SAS Programmer
28,"Research Scientist I, Analytical Ops",http://www.indeed.com/rc/clk?jk=ad3876d867303797&fccid=e4b075354d7c2865,"Foster City, CA",1 day ago,"Research Scientist I, Analytical Ops"
29,Database Developer,http://www.indeed.com/rc/clk?jk=3c8e367f8d9a5e65&fccid=865d662acaa31285,"Hayward, CA 94545 (Glen Eden area)",1 day ago,Database Developer
30,Software Engineer,http://www.indeed.com/rc/clk?jk=b14a3820768a0bf9&fccid=643a553ccd7fba02,"San Ramon, CA",1 day ago,Software Engineer
31,Research Scientist II- Inflammation,http://www.indeed.com/rc/clk?jk=67ea47ffa3e0f7fc&fccid=e4b075354d7c2865,"Foster City, CA",1 day ago,Research Scientist II- Inflammation
32,Research Scientist II- Inflammation,http://www.indeed.com/rc/clk?jk=84bf625e73357d07&fccid=0aed3f67f6a631df,"Foster City, CA",1 day ago,Research Scientist II- Inflammation
33,Data Science (Human Computation),http://www.indeed.com/rc/clk?jk=d3c6c514d961c30d&fccid=a6920e0a635e5c4e,"San Francisco, CA",1 day ago,Data Science (Human Computation)
34,Machine Learning Engineer,http://www.indeed.com/rc/clk?jk=5931c9c32b08d702&fccid=a6920e0a635e5c4e,"San Francisco, CA",1 day ago,Machine Learning Engineer
35,Machine Learning/Data Engineer,http://www.indeed.com/rc/clk?jk=1346186db49ee6ec&fccid=4a2d2fbadf14d480,"San Francisco, CA",1 day ago,Machine Learning/Data Engineer
36,Staff Software Engineer Backend (SETI),http://www.indeed.com/rc/clk?jk=0091f8603eb59b4e&fccid=5527fa86119a4ea6,"San Francisco, CA",1 day ago,Staff Software Engineer Backend (SETI)
37,"Staff Software Engineer, iOS",http://www.indeed.com/rc/clk?jk=ced02b29e1c59156&fccid=5527fa86119a4ea6,"San Francisco, CA",1 day ago,"Staff Software Engineer, iOS"
38,"Staff Software Engineer, Android",http://www.indeed.com/rc/clk?jk=157eeb0d1a90e7e6&fccid=5527fa86119a4ea6,"San Francisco, CA",1 day ago,"Staff Software Engineer, Android"
39,"Research Scientist, Molecular Biology (PhD)",http://www.indeed.com/rc/clk?jk=71ecf7b6346b8a58&fccid=76bce720eab9a7b0,"Tiburon, CA",1 day ago,"Research Scientist, Molecular Biology (PhD)"
40,"Research Scientist I, Medicinal Chemistry",http://www.indeed.com/rc/clk?jk=0be684b9081ea9d0&fccid=0aed3f67f6a631df,"Foster City, CA",1 day ago,"Research Scientist I, Medicinal Chemistry"
41,"Scientist, Research Biology (In Vivo & In Vitro - Immunology...",http://www.indeed.com/rc/clk?jk=69335e7f9e470fe0&fccid=2f3c68225a7a644b,"San Francisco, CA",1 day ago,"Scientist, Research Biology (In Vivo & In Vitro - Immunology/Oncology)"
42,"Research Scientist I, Analytical Ops",http://www.indeed.com/rc/clk?jk=eb8bf997be71fe4a&fccid=0aed3f67f6a631df,"Foster City, CA",1 day ago,"Research Scientist I, Analytical Ops"
43,"Staff Level Environmental Engineer - Walnut Creek, CA",http://www.indeed.com/rc/clk?jk=a877656b9f6e679c&fccid=6262ff1ade6ab1ce,"Walnut Creek, CA",1 day ago,"Staff Level Environmental Engineer - Walnut Creek, CA"
44,Data Scientist,http://www.indeed.com/rc/clk?jk=70b5977bdf506f99&fccid=b4ae81341320a358,"San Francisco, CA",1 day ago,Data Scientist
45,Data Scientist,http://www.indeed.com/rc/clk?jk=5702f0239874135b&fccid=9e399301940ed66e,"San Francisco, CA",1 day ago,Data Scientist
46,Product Manager,http://www.indeed.com/rc/clk?jk=d4c67f280042aaa7&fccid=10759f176527dc7f,"San Francisco, CA",1 day ago,Product Manager
47,Data Scientist,http://www.indeed.com/rc/clk?jk=6f6bb3c4f8ae0a4f&fccid=29ce24cf04b05f6f,"San Francisco, CA",1 day ago,Data Scientist
48,Data Scientist,http://www.indeed.com/rc/clk?jk=e27f59dd01dc3dc9&fccid=fac30869767b92f8,"San Francisco Bay Area, CA",1 day ago,Data Scientist
49,Senior Software Architect,http://www.indeed.com/rc/clk?jk=f92d11856385799c&fccid=1d20d2065272ebf6,"Redwood City, CA",1 day ago,Senior Software Architect
50,Python Developer,http://www.indeed.com/cmp/Skilled-Sourcing/jobs/Python-Developer-71c4f7e37b89968a?r=1&fccid=83e57153dabc1a27,"San Francisco, CA",1 day ago,Python Developer
51,"Sr. Associate Scientist, Process Engineering",http://www.indeed.com/cmp/Skilled-Sourcing/jobs/Senior-Associate-Scientist-1808caabeeb2da48?r=1&fccid=83e57153dabc1a27,"San Francisco, CA",1 day ago,"Sr. Associate Scientist, Process Engineering"
52,"Senior Associate Scientist, Enzyme Engineering",http://www.indeed.com/cmp/Skilled-Sourcing/jobs/Senior-Associate-Scientist-008cd4c8abdb4bc8?r=1&fccid=83e57153dabc1a27,"San Francisco, CA",1 day ago,"Senior Associate Scientist, Enzyme Engineering"
53,Postdoctoral Fellow (Structural Biology Algorithm Developer),http://www.indeed.com/rc/clk?jk=70ce8be34d9fc7e7&fccid=5bee64c47451d1c2,"Berkeley, CA 94720",2 days ago,Postdoctoral Fellow (Structural Biology Algorithm Developer)
54,Sensory Scientist,http://www.indeed.com/rc/clk?jk=194a36dd74ed239a&fccid=fbfb820a5b7b2c4a,"Redwood City, CA",2 days ago,Sensory Scientist
55,Statistical Programmer,http://www.indeed.com/rc/clk?jk=13c824b38a924c65&fccid=b6ff9d4b8080e57a,"San Mateo, CA 94403 (Sugerloaf area)",2 days ago,Statistical Programmer
56,Senior Product Marketing Manager (Financial Services),http://www.indeed.com/rc/clk?jk=27a1524864a461a1&fccid=64cffe395a99ee45,"Menlo Park, CA 94025",2 days ago,Senior Product Marketing Manager (Financial Services)
57,"Associate Director, Statistical Programming",http://www.indeed.com/rc/clk?jk=80078fbb3db7e8fc&fccid=9947cacfca8e23b4,"South San Francisco, CA 94080",2 days ago,"Associate Director, Statistical Programming"
58,Machine Learning Engineer,http://www.indeed.com/rc/clk?jk=78180a9cb4428ade&fccid=7af474979a2ce5fb,"San Francisco, CA",2 days ago,Machine Learning Engineer
59,DevOps Engineer,http://www.indeed.com/rc/clk?jk=59dfe2d86ed1444d&fccid=dedd180160fe2950,"San Mateo, CA",2 days ago,DevOps Engineer
60,Environmental Data Scientist,http://www.indeed.com/rc/clk?jk=4723b6781957889d&fccid=07ed296255237854,"San Francisco, CA",3 days ago,Environmental Data Scientist
61,Data Scientist - Global Intelligence,http://www.indeed.com/rc/clk?jk=8f8ccb1fc919e186&fccid=f766f8bfbc3effb7,"San Francisco, CA 94103 (South Of Market area)",3 days ago,Data Scientist - Global Intelligence
62,Regional Director Statistical Analysis,http://www.indeed.com/rc/clk?jk=c7d1e81782264b93&fccid=6c527578251bc5e1,"San Francisco, CA",3 days ago,Regional Director Statistical Analysis
63,Scientist (Computational/Experimental),http://www.indeed.com/rc/clk?jk=87dbde53a9b859bd&fccid=d0b3f9cc8e1c8e97,"San Leandro, CA",3 days ago,Scientist (Computational/Experimental)
64,Associates/Scientists,http://www.indeed.com/rc/clk?jk=950179eb30c0d046&fccid=0213df1b2d6a2c22,"Menlo Park, CA 94025",3 days ago,Associates/Scientists
65,Corporate Counsel,http://www.indeed.com/rc/clk?jk=09b70ab8ffc53566&fccid=b0e5f9b4ee6b253b,"Redwood City, CA",3 days ago,Corporate Counsel
66,Research Associate (Joint BioEnergy Institute),http://www.indeed.com/rc/clk?jk=79d039d6b987f616&fccid=5bee64c47451d1c2,"Berkeley, CA 94720",3 days ago,Research Associate (Joint BioEnergy Institute)
67,Scientist II (Emerging Technology and Cancer Biology),http://www.indeed.com/rc/clk?jk=deddf28e87dfe9dc&fccid=76d4cf3f28c81122,"San Carlos, CA 94070",3 days ago,Scientist II (Emerging Technology and Cancer Biology)
68,Clinical Laboratory Scientist,http://www.indeed.com/rc/clk?jk=e39ba27ef7a4f619&fccid=57316a4effba1e49,"Greenbrae, CA",3 days ago,Clinical Laboratory Scientist
69,Technical Lead - Backend Engineering,http://www.indeed.com/rc/clk?jk=89aa0ae17a79218d&fccid=5527fa86119a4ea6,"San Francisco, CA",3 days ago,Technical Lead - Backend Engineering
70,Electronic Engineer Postdoctoral Fellow (Energy Storage & Di...,http://www.indeed.com/rc/clk?jk=5f9c74e4c9d0eeeb&fccid=5bee64c47451d1c2,"Berkeley, CA 94720",3 days ago,Electronic Engineer Postdoctoral Fellow (Energy Storage & Distributed Resources)
71,Data Scientist,http://www.indeed.com/rc/clk?jk=743867c5fae7ba2a&fccid=ac3af7e1445908f2,"Berkeley, CA",3 days ago,Data Scientist
72,Network Data Scientist,http://www.indeed.com/rc/clk?jk=e358721f4432171c&fccid=9e31564de67b89e3,"San Francisco, CA",3 days ago,Network Data Scientist
73,"Data Scientist, Data & Analytics",http://www.indeed.com/rc/clk?jk=a0eccbe302368b73&fccid=719bd3aa594b1f49,"San Francisco, CA",4 days ago,"Data Scientist, Data & Analytics"
74,Data Science - Internship/Co-op,http://www.indeed.com/rc/clk?jk=45bf475249b16d70&fccid=f766f8bfbc3effb7,"San Francisco, CA 94103 (South Of Market area)",4 days ago,Data Science - Internship/Co-op
75,Data Scientist,http://www.indeed.com/rc/clk?jk=1fd5c9190c3053d5&fccid=a02a309f2586b2dd,"San Francisco, CA",4 days ago,Data Scientist
76,Data Warehouse Engineer,http://www.indeed.com/rc/clk?jk=533c1a52db257648&fccid=0699193d4937f79a,"San Francisco, CA",4 days ago,Data Warehouse Engineer
77,SVP Analytics/VP Analytics,http://www.indeed.com/rc/clk?jk=dbde730b85c00942&fccid=ac5a149672c641e5,"San Francisco, CA",4 days ago,SVP Analytics/VP Analytics
78,Data and Analytics Engineer,http://www.indeed.com/rc/clk?jk=29a5716aaae4fa8f&fccid=d840199808808f21,"Redwood City, CA 94065",4 days ago,Data and Analytics Engineer
79,Senior Data Scientist,http://www.indeed.com/rc/clk?jk=242e702958c77834&fccid=3de83442785d5fca,"San Francisco, CA",4 days ago,Senior Data Scientist
80,"Scientist III, Bioinformatics",http://www.indeed.com/rc/clk?jk=9c36b64e9ed26423&fccid=126e3afd205caa95,"San Francisco, CA",4 days ago,"Scientist III, Bioinformatics"
81,Scientist/Sr. Scientist-Machine Learning,http://www.indeed.com/rc/clk?jk=866a58d72b2f04ba&fccid=362244bb2b7edf16,"San Francisco, CA",4 days ago,Scientist/Sr. Scientist-Machine Learning
82,Environmental Engineer/Analyst,http://www.indeed.com/rc/clk?jk=ed6bc109cf847429&fccid=8cd6737de675a6cd,"Novato, CA",4 days ago,Environmental Engineer/Analyst
83,"Sr. Investigator Medicinal Chemistry - Novartis, Emeryville,...",http://www.indeed.com/rc/clk?jk=bc5398daa202c33f&fccid=c35194d01a9e2595,"Emeryville, CA",4 days ago,"Sr. Investigator Medicinal Chemistry - Novartis, Emeryville, CA"
84,"Senior Data Engineer, Product Data Science",http://www.indeed.com/rc/clk?jk=43c48334e0d96b72&fccid=4027cfd917e1ee29,"San Francisco, CA",4 days ago,"Senior Data Engineer, Product Data Science"
85,Patent Agent,http://www.indeed.com/rc/clk?jk=6f85f4395ae9157e&fccid=5117e1e733a6fbe3,"Fremont, CA 94555 (Northgate area)",4 days ago,Patent Agent
86,Office Manager,http://www.indeed.com/rc/clk?jk=1f58b7020b9b6751&fccid=4740c1c527ffb85e,"San Francisco, CA",4 days ago,Office Manager
87,Physicist Postdoctoral Fellow,http://www.indeed.com/rc/clk?jk=645adffa12f87604&fccid=5bee64c47451d1c2,"Berkeley, CA 94720",4 days ago,Physicist Postdoctoral Fellow
88,Senior Software Engineer,http://www.indeed.com/rc/clk?jk=3c37b17071a53778&fccid=f89deb5a97c7738a,"San Francisco, CA",4 days ago,Senior Software Engineer
89,Associate Research Scientist,http://www.indeed.com/rc/clk?jk=45a5d64a50c02ff9&fccid=a2fd5c513bd4fabb,"Redwood City, CA",4 days ago,Associate Research Scientist
90,Senior Quality Engineer,http://www.indeed.com/rc/clk?jk=9c81ab04878e79e6&fccid=8c49e99f20f89e48,"San Bruno, CA 94066",4 days ago,Senior Quality Engineer
91,"Sr. Associate, Digital Product Management",http://www.indeed.com/rc/clk?jk=00a6755ffd0df254&fccid=3de83442785d5fca,"San Francisco, CA",4 days ago,"Sr. Associate, Digital Product Management"
92,Industrial Design Manager,http://www.indeed.com/rc/clk?jk=22565f7d423394c8&fccid=3de83442785d5fca,"San Francisco, CA",4 days ago,Industrial Design Manager
93,Research Associate- Medicinal Chemistry,http://www.indeed.com/rc/clk?jk=8c929e4d5ac5378a&fccid=e4b075354d7c2865,"Foster City, CA",4 days ago,Research Associate- Medicinal Chemistry
94,Research Associate- Medicinal Chemistry,http://www.indeed.com/rc/clk?jk=8e2467399b7f4280&fccid=0aed3f67f6a631df,"Foster City, CA",4 days ago,Research Associate- Medicinal Chemistry
95,"Senior Product Manager, Capital One Labs (NY, SF)",http://www.indeed.com/rc/clk?jk=d2397b0b51fec4fd&fccid=3de83442785d5fca,"San Francisco, CA",4 days ago,"Senior Product Manager, Capital One Labs (NY, SF)"
96,"Sr. Associate, Digital Product Management",http://www.indeed.com/rc/clk?jk=4266184cdc798680&fccid=b85c5070c3d3d8c8,"San Francisco, CA",4 days ago,"Sr. Associate, Digital Product Management"
97,Staff Data Scientist - Content Experience Editorial Products...,http://www.indeed.com/rc/clk?jk=d979e95505b9070a&fccid=b6a7f47f2a7e8dc1,"San Francisco, CA 94107 (South Of Market area)",4 days ago,"Staff Data Scientist - Content Experience Editorial Products, Consumer Analytics"
98,Clinical Laboratory Scientist (Microbiology),http://www.indeed.com/rc/clk?jk=fb7364a7324e5c28&fccid=57316a4effba1e49,"Greenbrae, CA",4 days ago,Clinical Laboratory Scientist (Microbiology)
99,Director Medicinal Chemistry - Novartis Institues BioMedical...,http://www.indeed.com/rc/clk?jk=3dc7a48a3525a1af&fccid=e3d02f970def32f7,"Emeryville, CA",4 days ago,Director Medicinal Chemistry - Novartis Institues BioMedical Research
100,Data Scientist - UberPOOL (LatAm-Focused),http://www.indeed.com/rc/clk?jk=b0f406f28505d810&fccid=f766f8bfbc3effb7,"San Francisco, CA 94103 (South Of Market area)",Just posted,Data Scientist - UberPOOL (LatAm-Focused)
101,Business Analyst / Junior Data Scientist,http://www.indeed.com/rc/clk?jk=f1f3dadbfead4c80&fccid=e6ddc00f567a189e,"Walnut Creek, CA",Just posted,Business Analyst / Junior Data Scientist
102,Field Applications Scientist 1,http://www.indeed.com/rc/clk?jk=1d4c218aeb453b0c&fccid=8524239b088a6649,"San Francisco, CA 94158 (South Of Market area)",Just posted,Field Applications Scientist 1
103,Software Engineer,http://www.indeed.com/rc/clk?jk=cf0a3ebd48698718&fccid=fbfb820a5b7b2c4a,"Redwood City, CA",Just posted,Software Engineer
104,Frontend/Data Visualization Developer,http://www.indeed.com/rc/clk?jk=634ba48f3a86ade8&fccid=4a2d2fbadf14d480,"San Francisco, CA",Just posted,Frontend/Data Visualization Developer
105,QC Environmental Monitoring Analyst,http://www.indeed.com/rc/clk?jk=e58ab0484972487b&fccid=eaafcd2f92ab25da,"Novato, CA",Just posted,QC Environmental Monitoring Analyst
106,Data Scientist,http://www.indeed.com/rc/clk?jk=78540a2dc40e5ca4&fccid=2cd10564780b27e2,"San Francisco, CA",Just posted,Data Scientist
107,Data Scientist,http://www.indeed.com/rc/clk?jk=2e9b79b377fcf7fa&fccid=883687ce8b233acf,"San Francisco, CA",Just posted,Data Scientist
108,Data Engineer,http://www.indeed.com/rc/clk?jk=f83bb1c5d0240b2a&fccid=883687ce8b233acf,"San Francisco, CA",Just posted,Data Engineer
109,Visual Interaction Designer,http://www.indeed.com/rc/clk?jk=5e77cadb31a9a946&fccid=883687ce8b233acf,"San Francisco, CA",Just posted,Visual Interaction Designer
110,Bioinformatics Scientist - PCR Primer Design,http://www.indeed.com/rc/clk?jk=f5cd677347288408&fccid=126e3afd205caa95,"San Francisco, CA",Today,Bioinformatics Scientist - PCR Primer Design
111,Safety Scientist (MD),http://www.indeed.com/rc/clk?jk=71ee17897abc3fb1&fccid=2525cc4a9a704809,"South San Francisco, CA",Today,Safety Scientist (MD)
112,Clinical Social Worker / Client Care Navigation,http://www.indeed.com/rc/clk?jk=270eef4580c58e36&fccid=fe7f1e13ed267208,"Burlingame, CA 94010",Today,Clinical Social Worker / Client Care Navigation
113,Client Support Specialist,http://www.indeed.com/rc/clk?jk=f0029d4718759a19&fccid=fe7f1e13ed267208,"Burlingame, CA 94010",Today,Client Support Specialist
114,Staff Software Engineer,http://www.indeed.com/rc/clk?jk=d4b3abbd1a4f7929&fccid=643a553ccd7fba02,"San Ramon, CA",Today,Staff Software Engineer
115,Office Manager,http://www.indeed.com/rc/clk?jk=f3243f89127f88b9&fccid=c2f6dee33c08c366,"Redwood City, CA",Today,Office Manager
116,"Scientist, Virologist and cancer models",http://www.indeed.com/rc/clk?jk=063d144ed2996c08&fccid=eb4514e3ce0dc867,"Alameda, CA 94501",Today,"Scientist, Virologist and cancer models"
117,Clinical Laboratory Scientist Extern (Temporary),http://www.indeed.com/rc/clk?jk=abeb8738e2e2e6f9&fccid=48ecd526e3aa3225,"South San Francisco, CA",Today,Clinical Laboratory Scientist Extern (Temporary)
118,Data Scientist,http://www.indeed.com/rc/clk?jk=38b145fb1ca779c1&fccid=c2f2e84f7e0cab11,"San Francisco, CA",Today,Data Scientist
119,Senior Data Analyst,http://www.indeed.com/rc/clk?jk=8f7cc42560852f25&fccid=a6920e0a635e5c4e,"San Francisco, CA",Today,Senior Data Analyst
120,Data Scientist (Personalization),http://www.indeed.com/rc/clk?jk=39925bccaeea3342&fccid=a6920e0a635e5c4e,"San Francisco, CA",Today,Data Scientist (Personalization)
121,Software Engineer - Artemis / Apollo,http://www.indeed.com/rc/clk?jk=5ff19e67aca973d9&fccid=f766f8bfbc3effb7,"San Francisco, CA 94105 (Financial District area)",Today,Software Engineer - Artemis / Apollo
122,"Research Scientist I, Medicinal Chemistry",http://www.indeed.com/rc/clk?jk=59a7ed49adbc58b6&fccid=e4b075354d7c2865,"Foster City, CA",Today,"Research Scientist I, Medicinal Chemistry"
123,"Senior Scientific Researcher Applied Proteomics Group, Prote...",http://www.indeed.com/rc/clk?jk=a91af47351e7fc61&fccid=ce783271e420d14a,"South San Francisco, CA 94080",Today,"Senior Scientific Researcher Applied Proteomics Group, Protein Sciences (Genentech Research and Earl"
124,Software Engineer: Java Backend,http://www.indeed.com/rc/clk?jk=31dcd0bb4d10cf68&fccid=c2aed722996a4145,"Emeryville, CA 94608",Today,Software Engineer: Java Backend
125,Bioanalytical Data Manager,http://www.indeed.com/rc/clk?jk=01496d7da39c6c1f&fccid=2525cc4a9a704809,"South San Francisco, CA",1 day ago,Bioanalytical Data Manager
126,"Research Data Analyst, ESPM",http://www.indeed.com/rc/clk?jk=2a70d47b600b8fdf&fccid=db52f1353185d77b,"Berkeley, CA",1 day ago,"Research Data Analyst, ESPM"
127,Lead Statistician/SAS Programmer,http://www.indeed.com/rc/clk?jk=c1a120d027a9cdfe&fccid=2a341562d64c7cdb,"San Francisco, CA",1 day ago,Lead Statistician/SAS Programmer
128,"Research Scientist I, Analytical Ops",http://www.indeed.com/rc/clk?jk=ad3876d867303797&fccid=e4b075354d7c2865,"Foster City, CA",1 day ago,"Research Scientist I, Analytical Ops"
129,Database Developer,http://www.indeed.com/rc/clk?jk=3c8e367f8d9a5e65&fccid=865d662acaa31285,"Hayward, CA 94545 (Glen Eden area)",1 day ago,Database Developer
130,Software Engineer,http://www.indeed.com/rc/clk?jk=b14a3820768a0bf9&fccid=643a553ccd7fba02,"San Ramon, CA",1 day ago,Software Engineer
131,Research Scientist II- Inflammation,http://www.indeed.com/rc/clk?jk=67ea47ffa3e0f7fc&fccid=e4b075354d7c2865,"Foster City, CA",1 day ago,Research Scientist II- Inflammation
132,Research Scientist II- Inflammation,http://www.indeed.com/rc/clk?jk=84bf625e73357d07&fccid=0aed3f67f6a631df,"Foster City, CA",1 day ago,Research Scientist II- Inflammation
133,Data Science (Human Computation),http://www.indeed.com/rc/clk?jk=d3c6c514d961c30d&fccid=a6920e0a635e5c4e,"San Francisco, CA",1 day ago,Data Science (Human Computation)
134,Machine Learning Engineer,http://www.indeed.com/rc/clk?jk=5931c9c32b08d702&fccid=a6920e0a635e5c4e,"San Francisco, CA",1 day ago,Machine Learning Engineer
135,Machine Learning/Data Engineer,http://www.indeed.com/rc/clk?jk=1346186db49ee6ec&fccid=4a2d2fbadf14d480,"San Francisco, CA",1 day ago,Machine Learning/Data Engineer
136,Staff Software Engineer Backend (SETI),http://www.indeed.com/rc/clk?jk=0091f8603eb59b4e&fccid=5527fa86119a4ea6,"San Francisco, CA",1 day ago,Staff Software Engineer Backend (SETI)
137,"Staff Software Engineer, iOS",http://www.indeed.com/rc/clk?jk=ced02b29e1c59156&fccid=5527fa86119a4ea6,"San Francisco, CA",1 day ago,"Staff Software Engineer, iOS"
138,"Staff Software Engineer, Android",http://www.indeed.com/rc/clk?jk=157eeb0d1a90e7e6&fccid=5527fa86119a4ea6,"San Francisco, CA",1 day ago,"Staff Software Engineer, Android"
139,"Research Scientist, Molecular Biology (PhD)",http://www.indeed.com/rc/clk?jk=71ecf7b6346b8a58&fccid=76bce720eab9a7b0,"Tiburon, CA",1 day ago,"Research Scientist, Molecular Biology (PhD)"
140,"Research Scientist I, Medicinal Chemistry",http://www.indeed.com/rc/clk?jk=0be684b9081ea9d0&fccid=0aed3f67f6a631df,"Foster City, CA",1 day ago,"Research Scientist I, Medicinal Chemistry"
141,"Scientist, Research Biology (In Vivo & In Vitro - Immunology...",http://www.indeed.com/rc/clk?jk=69335e7f9e470fe0&fccid=2f3c68225a7a644b,"San Francisco, CA",1 day ago,"Scientist, Research Biology (In Vivo & In Vitro - Immunology/Oncology)"
142,"Research Scientist I, Analytical Ops",http://www.indeed.com/rc/clk?jk=eb8bf997be71fe4a&fccid=0aed3f67f6a631df,"Foster City, CA",1 day ago,"Research Scientist I, Analytical Ops"
143,"Staff Level Environmental Engineer - Walnut Creek, CA",http://www.indeed.com/rc/clk?jk=a877656b9f6e679c&fccid=6262ff1ade6ab1ce,"Walnut Creek, CA",1 day ago,"Staff Level Environmental Engineer - Walnut Creek, CA"
144,Data Scientist,http://www.indeed.com/rc/clk?jk=70b5977bdf506f99&fccid=b4ae81341320a358,"San Francisco, CA",1 day ago,Data Scientist
145,Data Scientist,http://www.indeed.com/rc/clk?jk=5702f0239874135b&fccid=9e399301940ed66e,"San Francisco, CA",1 day ago,Data Scientist
146,Product Manager,http://www.indeed.com/rc/clk?jk=d4c67f280042aaa7&fccid=10759f176527dc7f,"San Francisco, CA",1 day ago,Product Manager
147,Data Scientist,http://www.indeed.com/rc/clk?jk=6f6bb3c4f8ae0a4f&fccid=29ce24cf04b05f6f,"San Francisco, CA",1 day ago,Data Scientist
148,Data Scientist,http://www.indeed.com/rc/clk?jk=e27f59dd01dc3dc9&fccid=fac30869767b92f8,"San Francisco Bay Area, CA",1 day ago,Data Scientist
149,Senior Software Architect,http://www.indeed.com/rc/clk?jk=f92d11856385799c&fccid=1d20d2065272ebf6,"Redwood City, CA",1 day ago,Senior Software Architect
150,Python Developer,http://www.indeed.com/cmp/Skilled-Sourcing/jobs/Python-Developer-71c4f7e37b89968a?r=1&fccid=83e57153dabc1a27,"San Francisco, CA",1 day ago,Python Developer
151,"Sr. Associate Scientist, Process Engineering",http://www.indeed.com/cmp/Skilled-Sourcing/jobs/Senior-Associate-Scientist-1808caabeeb2da48?r=1&fccid=83e57153dabc1a27,"San Francisco, CA",1 day ago,"Sr. Associate Scientist, Process Engineering"
152,"Senior Associate Scientist, Enzyme Engineering",http://www.indeed.com/cmp/Skilled-Sourcing/jobs/Senior-Associate-Scientist-008cd4c8abdb4bc8?r=1&fccid=83e57153dabc1a27,"San Francisco, CA",1 day ago,"Senior Associate Scientist, Enzyme Engineering"
153,Postdoctoral Fellow (Structural Biology Algorithm Developer),http://www.indeed.com/rc/clk?jk=70ce8be34d9fc7e7&fccid=5bee64c47451d1c2,"Berkeley, CA 94720",2 days ago,Postdoctoral Fellow (Structural Biology Algorithm Developer)
154,Sensory Scientist,http://www.indeed.com/rc/clk?jk=194a36dd74ed239a&fccid=fbfb820a5b7b2c4a,"Redwood City, CA",2 days ago,Sensory Scientist
155,Statistical Programmer,http://www.indeed.com/rc/clk?jk=13c824b38a924c65&fccid=b6ff9d4b8080e57a,"San Mateo, CA 94403 (Sugerloaf area)",2 days ago,Statistical Programmer
156,Senior Product Marketing Manager (Financial Services),http://www.indeed.com/rc/clk?jk=27a1524864a461a1&fccid=64cffe395a99ee45,"Menlo Park, CA 94025",2 days ago,Senior Product Marketing Manager (Financial Services)
157,"Associate Director, Statistical Programming",http://www.indeed.com/rc/clk?jk=80078fbb3db7e8fc&fccid=9947cacfca8e23b4,"South San Francisco, CA 94080",2 days ago,"Associate Director, Statistical Programming"
158,Machine Learning Engineer,http://www.indeed.com/rc/clk?jk=78180a9cb4428ade&fccid=7af474979a2ce5fb,"San Francisco, CA",2 days ago,Machine Learning Engineer
159,DevOps Engineer,http://www.indeed.com/rc/clk?jk=59dfe2d86ed1444d&fccid=dedd180160fe2950,"San Mateo, CA",2 days ago,DevOps Engineer
160,Environmental Data Scientist,http://www.indeed.com/rc/clk?jk=4723b6781957889d&fccid=07ed296255237854,"San Francisco, CA",3 days ago,Environmental Data Scientist
161,Data Scientist - Global Intelligence,http://www.indeed.com/rc/clk?jk=8f8ccb1fc919e186&fccid=f766f8bfbc3effb7,"San Francisco, CA 94103 (South Of Market area)",3 days ago,Data Scientist - Global Intelligence
162,Regional Director Statistical Analysis,http://www.indeed.com/rc/clk?jk=c7d1e81782264b93&fccid=6c527578251bc5e1,"San Francisco, CA",3 days ago,Regional Director Statistical Analysis
163,Scientist (Computational/Experimental),http://www.indeed.com/rc/clk?jk=87dbde53a9b859bd&fccid=d0b3f9cc8e1c8e97,"San Leandro, CA",3 days ago,Scientist (Computational/Experimental)
164,Associates/Scientists,http://www.indeed.com/rc/clk?jk=950179eb30c0d046&fccid=0213df1b2d6a2c22,"Menlo Park, CA 94025",3 days ago,Associates/Scientists
165,Corporate Counsel,http://www.indeed.com/rc/clk?jk=09b70ab8ffc53566&fccid=b0e5f9b4ee6b253b,"Redwood City, CA",3 days ago,Corporate Counsel
166,Research Associate (Joint BioEnergy Institute),http://www.indeed.com/rc/clk?jk=79d039d6b987f616&fccid=5bee64c47451d1c2,"Berkeley, CA 94720",3 days ago,Research Associate (Joint BioEnergy Institute)
167,Scientist II (Emerging Technology and Cancer Biology),http://www.indeed.com/rc/clk?jk=deddf28e87dfe9dc&fccid=76d4cf3f28c81122,"San Carlos, CA 94070",3 days ago,Scientist II (Emerging Technology and Cancer Biology)
168,Clinical Laboratory Scientist,http://www.indeed.com/rc/clk?jk=e39ba27ef7a4f619&fccid=57316a4effba1e49,"Greenbrae, CA",3 days ago,Clinical Laboratory Scientist
169,Technical Lead - Backend Engineering,http://www.indeed.com/rc/clk?jk=89aa0ae17a79218d&fccid=5527fa86119a4ea6,"San Francisco, CA",3 days ago,Technical Lead - Backend Engineering
170,Electronic Engineer Postdoctoral Fellow (Energy Storage & Di...,http://www.indeed.com/rc/clk?jk=5f9c74e4c9d0eeeb&fccid=5bee64c47451d1c2,"Berkeley, CA 94720",3 days ago,Electronic Engineer Postdoctoral Fellow (Energy Storage & Distributed Resources)
171,Data Scientist,http://www.indeed.com/rc/clk?jk=743867c5fae7ba2a&fccid=ac3af7e1445908f2,"Berkeley, CA",3 days ago,Data Scientist
172,Network Data Scientist,http://www.indeed.com/rc/clk?jk=e358721f4432171c&fccid=9e31564de67b89e3,"San Francisco, CA",3 days ago,Network Data Scientist
173,"Data Scientist, Data & Analytics",http://www.indeed.com/rc/clk?jk=a0eccbe302368b73&fccid=719bd3aa594b1f49,"San Francisco, CA",4 days ago,"Data Scientist, Data & Analytics"
174,Data Science - Internship/Co-op,http://www.indeed.com/rc/clk?jk=45bf475249b16d70&fccid=f766f8bfbc3effb7,"San Francisco, CA 94103 (South Of Market area)",4 days ago,Data Science - Internship/Co-op
175,Data Scientist,http://www.indeed.com/rc/clk?jk=1fd5c9190c3053d5&fccid=a02a309f2586b2dd,"San Francisco, CA",4 days ago,Data Scientist
176,Data Warehouse Engineer,http://www.indeed.com/rc/clk?jk=533c1a52db257648&fccid=0699193d4937f79a,"San Francisco, CA",4 days ago,Data Warehouse Engineer
177,SVP Analytics/VP Analytics,http://www.indeed.com/rc/clk?jk=dbde730b85c00942&fccid=ac5a149672c641e5,"San Francisco, CA",4 days ago,SVP Analytics/VP Analytics
178,Data and Analytics Engineer,http://www.indeed.com/rc/clk?jk=29a5716aaae4fa8f&fccid=d840199808808f21,"Redwood City, CA 94065",4 days ago,Data and Analytics Engineer
179,Senior Data Scientist,http://www.indeed.com/rc/clk?jk=242e702958c77834&fccid=3de83442785d5fca,"San Francisco, CA",4 days ago,Senior Data Scientist
180,"Scientist III, Bioinformatics",http://www.indeed.com/rc/clk?jk=9c36b64e9ed26423&fccid=126e3afd205caa95,"San Francisco, CA",4 days ago,"Scientist III, Bioinformatics"
181,Scientist/Sr. Scientist-Machine Learning,http://www.indeed.com/rc/clk?jk=866a58d72b2f04ba&fccid=362244bb2b7edf16,"San Francisco, CA",4 days ago,Scientist/Sr. Scientist-Machine Learning
182,Environmental Engineer/Analyst,http://www.indeed.com/rc/clk?jk=ed6bc109cf847429&fccid=8cd6737de675a6cd,"Novato, CA",4 days ago,Environmental Engineer/Analyst
183,"Sr. Investigator Medicinal Chemistry - Novartis, Emeryville,...",http://www.indeed.com/rc/clk?jk=bc5398daa202c33f&fccid=c35194d01a9e2595,"Emeryville, CA",4 days ago,"Sr. Investigator Medicinal Chemistry - Novartis, Emeryville, CA"
184,"Senior Data Engineer, Product Data Science",http://www.indeed.com/rc/clk?jk=43c48334e0d96b72&fccid=4027cfd917e1ee29,"San Francisco, CA",4 days ago,"Senior Data Engineer, Product Data Science"
185,Patent Agent,http://www.indeed.com/rc/clk?jk=6f85f4395ae9157e&fccid=5117e1e733a6fbe3,"Fremont, CA 94555 (Northgate area)",4 days ago,Patent Agent
186,Office Manager,http://www.indeed.com/rc/clk?jk=1f58b7020b9b6751&fccid=4740c1c527ffb85e,"San Francisco, CA",4 days ago,Office Manager
187,Physicist Postdoctoral Fellow,http://www.indeed.com/rc/clk?jk=645adffa12f87604&fccid=5bee64c47451d1c2,"Berkeley, CA 94720",4 days ago,Physicist Postdoctoral Fellow
188,Senior Software Engineer,http://www.indeed.com/rc/clk?jk=3c37b17071a53778&fccid=f89deb5a97c7738a,"San Francisco, CA",4 days ago,Senior Software Engineer
189,Associate Research Scientist,http://www.indeed.com/rc/clk?jk=45a5d64a50c02ff9&fccid=a2fd5c513bd4fabb,"Redwood City, CA",4 days ago,Associate Research Scientist
190,Senior Quality Engineer,http://www.indeed.com/rc/clk?jk=9c81ab04878e79e6&fccid=8c49e99f20f89e48,"San Bruno, CA 94066",4 days ago,Senior Quality Engineer
191,"Sr. Associate, Digital Product Management",http://www.indeed.com/rc/clk?jk=00a6755ffd0df254&fccid=3de83442785d5fca,"San Francisco, CA",4 days ago,"Sr. Associate, Digital Product Management"
192,Industrial Design Manager,http://www.indeed.com/rc/clk?jk=22565f7d423394c8&fccid=3de83442785d5fca,"San Francisco, CA",4 days ago,Industrial Design Manager
193,Research Associate- Medicinal Chemistry,http://www.indeed.com/rc/clk?jk=8c929e4d5ac5378a&fccid=e4b075354d7c2865,"Foster City, CA",4 days ago,Research Associate- Medicinal Chemistry
194,Research Associate- Medicinal Chemistry,http://www.indeed.com/rc/clk?jk=8e2467399b7f4280&fccid=0aed3f67f6a631df,"Foster City, CA",4 days ago,Research Associate- Medicinal Chemistry
195,"Senior Product Manager, Capital One Labs (NY, SF)",http://www.indeed.com/rc/clk?jk=d2397b0b51fec4fd&fccid=3de83442785d5fca,"San Francisco, CA",4 days ago,"Senior Product Manager, Capital One Labs (NY, SF)"
196,"Sr. Associate, Digital Product Management",http://www.indeed.com/rc/clk?jk=4266184cdc798680&fccid=b85c5070c3d3d8c8,"San Francisco, CA",4 days ago,"Sr. Associate, Digital Product Management"
197,Staff Data Scientist - Content Experience Editorial Products...,http://www.indeed.com/rc/clk?jk=d979e95505b9070a&fccid=b6a7f47f2a7e8dc1,"San Francisco, CA 94107 (South Of Market area)",4 days ago,"Staff Data Scientist - Content Experience Editorial Products, Consumer Analytics"
198,Clinical Laboratory Scientist (Microbiology),http://www.indeed.com/rc/clk?jk=fb7364a7324e5c28&fccid=57316a4effba1e49,"Greenbrae, CA",4 days ago,Clinical Laboratory Scientist (Microbiology)
199,Director Medicinal Chemistry - Novartis Institues BioMedical...,http://www.indeed.com/rc/clk?jk=3dc7a48a3525a1af&fccid=e3d02f970def32f7,"Emeryville, CA",4 days ago,Director Medicinal Chemistry - Novartis Institues BioMedical Research
